Year,Month,Employment,United States,U.S. Territories,Foreign Countries,Unspecified,Location - All,fracYear
1998,9,AF-DEPARTMENT OF THE AIR FORCE,161144,776,4303,35,166258,1998.75
1998,9,AG-DEPARTMENT OF AGRICULTURE,106848,666,191,NA,107709,1998.75
1998,9,AR-DEPARTMENT OF THE ARMY,216672,1095,13390,150,231307,1998.75
1998,9,CM-DEPARTMENT OF COMMERCE,38581,117,196,39,38933,1998.75
1998,9,DD-DEPARTMENT OF DEFENSE,99436,1490,17835,NA,118765,1998.75
1998,9,DJ-DEPARTMENT OF JUSTICE,122157,378,45,NA,122580,1998.75
1998,9,DL-DEPARTMENT OF LABOR,15899,44,NA,NA,15946,1998.75
1998,9,DN-DEPARTMENT OF ENERGY,16142,NA,NA,NA,16148,1998.75
1998,9,ED-DEPARTMENT OF EDUCATION,4830,NA,NA,NA,4833,1998.75
1998,9,HE-DEPARTMENT OF HEALTH AND HUMAN SERVICES,58112,110,29,NA,58261,1998.75
1998,9,HS-DEPARTMENT OF HOMELAND SECURITY,NA,NA,NA,NA,NA,1998.75
1998,9,HU-DEPARTMENT OF HOUSING AND URBAN DEVELOPMENT,9904,80,NA,NA,9984,1998.75
1998,9,IN-DEPARTMENT OF THE INTERIOR,72685,327,16,NA,73038,1998.75
1998,9,NV-DEPARTMENT OF THE NAVY,187642,2500,3903,37,194082,1998.75
1998,9,ST-DEPARTMENT OF STATE,9286,16,6282,53,15637,1998.75
1998,9,TD-DEPARTMENT OF TRANSPORTATION,64377,396,82,NA,64858,1998.75
1998,9,TR-DEPARTMENT OF THE TREASURY,141215,295,112,344,141966,1998.75
1998,9,VA-DEPARTMENT OF VETERANS AFFAIRS,238009,2828,NA,NA,240846,1998.75
1998,9,Cabinet Level Agencies,1562939,11121,46398,693,1621151,1998.75
1999,9,AF-DEPARTMENT OF THE AIR FORCE,155595,768,3943,28,160334,1999.75
1999,9,AG-DEPARTMENT OF AGRICULTURE,106071,658,189,NA,106929,1999.75
1999,9,AR-DEPARTMENT OF THE ARMY,209769,1354,13141,115,224379,1999.75
1999,9,CM-DEPARTMENT OF COMMERCE,43305,184,206,12,43707,1999.75
1999,9,DD-DEPARTMENT OF DEFENSE,95920,1784,15066,57,112827,1999.75
1999,9,DJ-DEPARTMENT OF JUSTICE,124486,377,47,NA,124910,1999.75
1999,9,DL-DEPARTMENT OF LABOR,15865,42,NA,NA,15908,1999.75
1999,9,DN-DEPARTMENT OF ENERGY,15856,NA,NA,NA,15859,1999.75
1999,9,ED-DEPARTMENT OF EDUCATION,4912,NA,NA,NA,4915,1999.75
1999,9,HE-DEPARTMENT OF HEALTH AND HUMAN SERVICES,60255,114,39,12,60420,1999.75
1999,9,HS-DEPARTMENT OF HOMELAND SECURITY,NA,NA,NA,NA,NA,1999.75
1999,9,HU-DEPARTMENT OF HOUSING AND URBAN DEVELOPMENT,10167,85,NA,NA,10252,1999.75
1999,9,IN-DEPARTMENT OF THE INTERIOR,72481,325,12,12,72830,1999.75
1999,9,NV-DEPARTMENT OF THE NAVY,180998,2245,3573,32,186848,1999.75
1999,9,ST-DEPARTMENT OF STATE,9899,13,7170,46,17128,1999.75
1999,9,TD-DEPARTMENT OF TRANSPORTATION,63656,386,87,NA,64135,1999.75
1999,9,TR-DEPARTMENT OF THE TREASURY,143706,293,103,380,144482,1999.75
1999,9,VA-DEPARTMENT OF VETERANS AFFAIRS,216277,2866,NA,NA,219153,1999.75
1999,9,Cabinet Level Agencies,1529218,11497,43589,712,1585016,1999.75
2000,9,AF-DEPARTMENT OF THE AIR FORCE,149582,675,3758,30,154045,2000.75
2000,9,AG-DEPARTMENT OF AGRICULTURE,105838,644,189,44,106715,2000.75
2000,9,AR-DEPARTMENT OF THE ARMY,208121,1509,12955,296,222881,2000.75
2000,9,CM-DEPARTMENT OF COMMERCE,42796,142,207,14,43159,2000.75
2000,9,DD-DEPARTMENT OF DEFENSE,93204,1817,18085,138,113244,2000.75
2000,9,DJ-DEPARTMENT OF JUSTICE,124946,374,44,NA,125364,2000.75
2000,9,DL-DEPARTMENT OF LABOR,16045,40,NA,NA,16085,2000.75
2000,9,DN-DEPARTMENT OF ENERGY,15780,NA,NA,NA,15787,2000.75
2000,9,ED-DEPARTMENT OF EDUCATION,4927,NA,NA,NA,4930,2000.75
2000,9,HE-DEPARTMENT OF HEALTH AND HUMAN SERVICES,62824,109,54,109,63096,2000.75
2000,9,HS-DEPARTMENT OF HOMELAND SECURITY,NA,NA,NA,NA,NA,2000.75
2000,9,HU-DEPARTMENT OF HOUSING AND URBAN DEVELOPMENT,10202,83,NA,NA,10285,2000.75
2000,9,IN-DEPARTMENT OF THE INTERIOR,74396,350,14,NA,74765,2000.75
2000,9,NV-DEPARTMENT OF THE NAVY,176948,1246,3679,34,181907,2000.75
2000,9,ST-DEPARTMENT OF STATE,11075,12,8268,140,19495,2000.75
2000,9,TD-DEPARTMENT OF TRANSPORTATION,63148,366,78,NA,63598,2000.75
2000,9,TR-DEPARTMENT OF THE TREASURY,143764,439,88,409,144700,2000.75
2000,9,VA-DEPARTMENT OF VETERANS AFFAIRS,216462,2943,NA,NA,219415,2000.75
2000,9,Cabinet Level Agencies,1520058,10752,47435,1226,1579471,2000.75
2001,9,AF-DEPARTMENT OF THE AIR FORCE,149996,721,3702,25,154444,2001.75
2001,9,AG-DEPARTMENT OF AGRICULTURE,109848,663,201,38,110750,2001.75
2001,9,AR-DEPARTMENT OF THE ARMY,207057,1495,12927,185,221664,2001.75
2001,9,CM-DEPARTMENT OF COMMERCE,39782,78,194,16,40070,2001.75
2001,9,DD-DEPARTMENT OF DEFENSE,88822,1598,14345,NA,104771,2001.75
2001,9,DJ-DEPARTMENT OF JUSTICE,126782,360,42,NA,127187,2001.75
2001,9,DL-DEPARTMENT OF LABOR,16321,47,NA,NA,16368,2001.75
2001,9,DN-DEPARTMENT OF ENERGY,16057,NA,NA,NA,16067,2001.75
2001,9,ED-DEPARTMENT OF EDUCATION,4842,NA,NA,NA,4847,2001.75
2001,9,HE-DEPARTMENT OF HEALTH AND HUMAN SERVICES,65045,104,70,128,65347,2001.75
2001,9,HS-DEPARTMENT OF HOMELAND SECURITY,NA,NA,NA,NA,NA,2001.75
2001,9,HU-DEPARTMENT OF HOUSING AND URBAN DEVELOPMENT,10060,86,NA,NA,10146,2001.75
2001,9,IN-DEPARTMENT OF THE INTERIOR,76547,360,16,NA,76927,2001.75
2001,9,NV-DEPARTMENT OF THE NAVY,175269,1164,3725,NA,180158,2001.75
2001,9,ST-DEPARTMENT OF STATE,11333,NA,8666,18,20027,2001.75
2001,9,TD-DEPARTMENT OF TRANSPORTATION,65111,379,76,NA,65570,2001.75
2001,9,TR-DEPARTMENT OF THE TREASURY,147800,561,90,465,148916,2001.75
2001,9,VA-DEPARTMENT OF VETERANS AFFAIRS,221820,3055,17,NA,224893,2001.75
2001,9,Cabinet Level Agencies,1532492,10686,44081,893,1588152,2001.75
2002,9,AF-DEPARTMENT OF THE AIR FORCE,147858,704,3421,NA,151983,2002.75
2002,9,AG-DEPARTMENT OF AGRICULTURE,113628,705,196,38,114567,2002.75
2002,9,AR-DEPARTMENT OF THE ARMY,210647,1470,13105,20,225242,2002.75
2002,9,CM-DEPARTMENT OF COMMERCE,38068,78,201,12,38359,2002.75
2002,9,DD-DEPARTMENT OF DEFENSE,85380,1581,14163,NA,101126,2002.75
2002,9,DJ-DEPARTMENT OF JUSTICE,129898,365,50,NA,130315,2002.75
2002,9,DL-DEPARTMENT OF LABOR,16266,40,NA,NA,16306,2002.75
2002,9,DN-DEPARTMENT OF ENERGY,16113,NA,NA,NA,16121,2002.75
2002,9,ED-DEPARTMENT OF EDUCATION,4769,NA,NA,NA,4774,2002.75
2002,9,HE-DEPARTMENT OF HEALTH AND HUMAN SERVICES,70670,117,80,56,70923,2002.75
2002,9,HS-DEPARTMENT OF HOMELAND SECURITY,NA,NA,NA,NA,NA,2002.75
2002,9,HU-DEPARTMENT OF HOUSING AND URBAN DEVELOPMENT,10305,92,NA,NA,10397,2002.75
2002,9,IN-DEPARTMENT OF THE INTERIOR,78082,336,13,NA,78438,2002.75
2002,9,NV-DEPARTMENT OF THE NAVY,176979,1099,3823,NA,181902,2002.75
2002,9,ST-DEPARTMENT OF STATE,12297,NA,9378,NA,21681,2002.75
2002,9,TD-DEPARTMENT OF TRANSPORTATION,101950,790,74,NA,102819,2002.75
2002,9,TR-DEPARTMENT OF THE TREASURY,146538,551,81,328,147498,2002.75
2002,9,VA-DEPARTMENT OF VETERANS AFFAIRS,219874,2959,20,NA,222855,2002.75
2002,9,Cabinet Level Agencies,1579322,10897,44613,474,1635306,2002.75
2003,9,AF-DEPARTMENT OF THE AIR FORCE,145604,636,3432,NA,149678,2003.75
2003,9,AG-DEPARTMENT OF AGRICULTURE,112259,675,182,39,113155,2003.75
2003,9,AR-DEPARTMENT OF THE ARMY,208464,1293,12935,23,222715,2003.75
2003,9,CM-DEPARTMENT OF COMMERCE,37437,76,201,NA,37723,2003.75
2003,9,DD-DEPARTMENT OF DEFENSE,84178,1579,14608,NA,100375,2003.75
2003,9,DJ-DEPARTMENT OF JUSTICE,101167,315,41,NA,101523,2003.75
2003,9,DL-DEPARTMENT OF LABOR,16219,35,NA,NA,16254,2003.75
2003,9,DN-DEPARTMENT OF ENERGY,15580,NA,NA,NA,15590,2003.75
2003,9,ED-DEPARTMENT OF EDUCATION,4673,NA,NA,NA,4679,2003.75
2003,9,HE-DEPARTMENT OF HEALTH AND HUMAN SERVICES,64257,122,98,23,64500,2003.75
2003,9,HS-DEPARTMENT OF HOMELAND SECURITY,154605,1834,58,114,156611,2003.75
2003,9,HU-DEPARTMENT OF HOUSING AND URBAN DEVELOPMENT,10450,84,NA,NA,10534,2003.75
2003,9,IN-DEPARTMENT OF THE INTERIOR,77957,345,NA,NA,78315,2003.75
2003,9,NV-DEPARTMENT OF THE NAVY,176572,956,3987,NA,181519,2003.75
2003,9,ST-DEPARTMENT OF STATE,12723,NA,10125,NA,22856,2003.75
2003,9,TD-DEPARTMENT OF TRANSPORTATION,58261,300,65,42,58668,2003.75
2003,9,TR-DEPARTMENT OF THE TREASURY,109732,398,46,190,110366,2003.75
2003,9,VA-DEPARTMENT OF VETERANS AFFAIRS,227092,3113,22,NA,230238,2003.75
2003,9,Cabinet Level Agencies,1617230,11772,45822,475,1675299,2003.75
2004,9,AF-DEPARTMENT OF THE AIR FORCE,146101,668,3261,NA,150032,2004.75
2004,9,AG-DEPARTMENT OF AGRICULTURE,111095,751,186,52,112084,2004.75
2004,9,AR-DEPARTMENT OF THE ARMY,212166,1238,13144,20,226568,2004.75
2004,9,CM-DEPARTMENT OF COMMERCE,37572,72,211,12,37867,2004.75
2004,9,DD-DEPARTMENT OF DEFENSE,83208,1396,13618,38,98260,2004.75
2004,9,DJ-DEPARTMENT OF JUSTICE,102373,485,48,NA,102906,2004.75
2004,9,DL-DEPARTMENT OF LABOR,15775,39,NA,NA,15814,2004.75
2004,9,DN-DEPARTMENT OF ENERGY,15013,NA,NA,NA,15023,2004.75
2004,9,ED-DEPARTMENT OF EDUCATION,4575,NA,NA,NA,4584,2004.75
2004,9,HE-DEPARTMENT OF HEALTH AND HUMAN SERVICES,63332,134,110,NA,63581,2004.75
2004,9,HS-DEPARTMENT OF HOMELAND SECURITY,159022,2928,835,159,162944,2004.75
2004,9,HU-DEPARTMENT OF HOUSING AND URBAN DEVELOPMENT,10136,82,NA,NA,10218,2004.75
2004,9,IN-DEPARTMENT OF THE INTERIOR,77260,329,NA,NA,77600,2004.75
2004,9,NV-DEPARTMENT OF THE NAVY,172932,760,3844,NA,177538,2004.75
2004,9,ST-DEPARTMENT OF STATE,13117,NA,10918,NA,24040,2004.75
2004,9,TD-DEPARTMENT OF TRANSPORTATION,56834,286,62,17,57199,2004.75
2004,9,TR-DEPARTMENT OF THE TREASURY,109781,528,50,253,110612,2004.75
2004,9,VA-DEPARTMENT OF VETERANS AFFAIRS,232762,3462,18,16,236258,2004.75
2004,9,Cabinet Level Agencies,1623054,13170,46326,578,1683128,2004.75
2005,9,AF-DEPARTMENT OF THE AIR FORCE,153163,644,3241,NA,157050,2005.75
2005,9,AG-DEPARTMENT OF AGRICULTURE,108347,747,193,57,109344,2005.75
2005,9,AR-DEPARTMENT OF THE ARMY,221647,1227,12949,25,235848,2005.75
2005,9,CM-DEPARTMENT OF COMMERCE,39739,130,208,16,40093,2005.75
2005,9,DD-DEPARTMENT OF DEFENSE,81744,1386,13553,NA,96685,2005.75
2005,9,DJ-DEPARTMENT OF JUSTICE,103575,468,55,NA,104098,2005.75
2005,9,DL-DEPARTMENT OF LABOR,15341,39,NA,NA,15380,2005.75
2005,9,DN-DEPARTMENT OF ENERGY,14961,NA,12,NA,14973,2005.75
2005,9,ED-DEPARTMENT OF EDUCATION,4439,NA,NA,NA,4445,2005.75
2005,9,HE-DEPARTMENT OF HEALTH AND HUMAN SERVICES,63913,129,114,88,64244,2005.75
2005,9,HS-DEPARTMENT OF HOMELAND SECURITY,157892,3186,872,182,162132,2005.75
2005,9,HU-DEPARTMENT OF HOUSING AND URBAN DEVELOPMENT,9844,77,NA,NA,9921,2005.75
2005,9,IN-DEPARTMENT OF THE INTERIOR,76328,337,NA,NA,76676,2005.75
2005,9,NV-DEPARTMENT OF THE NAVY,170294,754,3680,NA,174728,2005.75
2005,9,ST-DEPARTMENT OF STATE,13319,NA,11176,NA,24498,2005.75
2005,9,TD-DEPARTMENT OF TRANSPORTATION,53529,274,60,15,53878,2005.75
2005,9,TR-DEPARTMENT OF THE TREASURY,106909,544,50,250,107753,2005.75
2005,9,VA-DEPARTMENT OF VETERANS AFFAIRS,231511,3383,13,135,235042,2005.75
2005,9,Cabinet Level Agencies,1626495,13332,46187,774,1686788,2005.75
2006,9,AF-DEPARTMENT OF THE AIR FORCE,154977,664,3280,NA,158927,2006.75
2006,9,AG-DEPARTMENT OF AGRICULTURE,104503,738,190,57,105488,2006.75
2006,9,AR-DEPARTMENT OF THE ARMY,225856,1163,11956,27,239002,2006.75
2006,9,CM-DEPARTMENT OF COMMERCE,40189,128,205,22,40544,2006.75
2006,9,DD-DEPARTMENT OF DEFENSE,81599,1325,13652,NA,96577,2006.75
2006,9,DJ-DEPARTMENT OF JUSTICE,105277,473,75,NA,105827,2006.75
2006,9,DL-DEPARTMENT OF LABOR,15301,38,NA,NA,15339,2006.75
2006,9,DN-DEPARTMENT OF ENERGY,14936,NA,14,NA,14950,2006.75
2006,9,ED-DEPARTMENT OF EDUCATION,4335,NA,NA,NA,4344,2006.75
2006,9,HE-DEPARTMENT OF HEALTH AND HUMAN SERVICES,63255,125,123,NA,63506,2006.75
2006,9,HS-DEPARTMENT OF HOMELAND SECURITY,164300,3167,884,284,168635,2006.75
2006,9,HU-DEPARTMENT OF HOUSING AND URBAN DEVELOPMENT,9752,73,NA,NA,9825,2006.75
2006,9,IN-DEPARTMENT OF THE INTERIOR,72792,321,NA,NA,73126,2006.75
2006,9,NV-DEPARTMENT OF THE NAVY,169126,746,3659,413,173944,2006.75
2006,9,ST-DEPARTMENT OF STATE,10165,NA,42,NA,10208,2006.75
2006,9,TD-DEPARTMENT OF TRANSPORTATION,53524,261,58,18,53861,2006.75
2006,9,TR-DEPARTMENT OF THE TREASURY,105689,606,52,276,106623,2006.75
2006,9,VA-DEPARTMENT OF VETERANS AFFAIRS,236194,3337,14,144,239689,2006.75
2006,9,Cabinet Level Agencies,1631770,13174,34214,1257,1680415,2006.75
2007,9,AF-DEPARTMENT OF THE AIR FORCE,151352,704,3001,171,155228,2007.75
2007,9,AG-DEPARTMENT OF AGRICULTURE,103158,720,194,54,104126,2007.75
2007,9,AR-DEPARTMENT OF THE ARMY,228429,1175,10957,42,240603,2007.75
2007,9,CM-DEPARTMENT OF COMMERCE,40862,130,200,26,41218,2007.75
2007,9,DD-DEPARTMENT OF DEFENSE,81597,1318,12820,NA,95736,2007.75
2007,9,DJ-DEPARTMENT OF JUSTICE,105842,482,83,NA,106411,2007.75
2007,9,DL-DEPARTMENT OF LABOR,15382,35,NA,NA,15417,2007.75
2007,9,DN-DEPARTMENT OF ENERGY,14932,NA,13,NA,14945,2007.75
2007,9,ED-DEPARTMENT OF EDUCATION,4336,NA,NA,NA,4346,2007.75
2007,9,HE-DEPARTMENT OF HEALTH AND HUMAN SERVICES,73371,135,121,NA,73632,2007.75
2007,9,HS-DEPARTMENT OF HOMELAND SECURITY,160822,2800,884,107,164613,2007.75
2007,9,HU-DEPARTMENT OF HOUSING AND URBAN DEVELOPMENT,9513,76,NA,NA,9589,2007.75
2007,9,IN-DEPARTMENT OF THE INTERIOR,72139,317,NA,NA,72465,2007.75
2007,9,NV-DEPARTMENT OF THE NAVY,168769,803,3640,NA,173212,2007.75
2007,9,ST-DEPARTMENT OF STATE,10685,NA,44,NA,10731,2007.75
2007,9,TD-DEPARTMENT OF TRANSPORTATION,53786,254,62,17,54119,2007.75
2007,9,TR-DEPARTMENT OF THE TREASURY,101853,611,50,273,102787,2007.75
2007,9,VA-DEPARTMENT OF VETERANS AFFAIRS,250534,3475,19,NA,254033,2007.75
2007,9,Cabinet Level Agencies,1647362,13045,32098,706,1693211,2007.75
2008,9,AF-DEPARTMENT OF THE AIR FORCE,150002,664,2930,183,153779,2008.75
2008,9,AG-DEPARTMENT OF AGRICULTURE,103884,710,187,56,104837,2008.75
2008,9,AR-DEPARTMENT OF THE ARMY,242890,1255,11986,60,256191,2008.75
2008,9,CM-DEPARTMENT OF COMMERCE,42298,130,209,24,42661,2008.75
2008,9,DD-DEPARTMENT OF DEFENSE,83923,1309,12341,NA,97574,2008.75
2008,9,DJ-DEPARTMENT OF JUSTICE,107745,500,92,NA,108340,2008.75
2008,9,DL-DEPARTMENT OF LABOR,15337,36,NA,NA,15373,2008.75
2008,9,DN-DEPARTMENT OF ENERGY,15432,NA,16,NA,15448,2008.75
2008,9,ED-DEPARTMENT OF EDUCATION,4325,NA,NA,NA,4335,2008.75
2008,9,HE-DEPARTMENT OF HEALTH AND HUMAN SERVICES,75355,139,155,NA,75655,2008.75
2008,9,HS-DEPARTMENT OF HOMELAND SECURITY,172562,3002,948,115,176627,2008.75
2008,9,HU-DEPARTMENT OF HOUSING AND URBAN DEVELOPMENT,9709,72,NA,NA,9781,2008.75
2008,9,IN-DEPARTMENT OF THE INTERIOR,73519,362,NA,NA,73891,2008.75
2008,9,NV-DEPARTMENT OF THE NAVY,175251,831,3935,NA,180017,2008.75
2008,9,ST-DEPARTMENT OF STATE,11351,NA,34,NA,11386,2008.75
2008,9,TD-DEPARTMENT OF TRANSPORTATION,55047,261,62,18,55388,2008.75
2008,9,TR-DEPARTMENT OF THE TREASURY,104529,664,55,293,105541,2008.75
2008,9,VA-DEPARTMENT OF VETERANS AFFAIRS,275174,3706,18,28,278926,2008.75
2008,9,Cabinet Level Agencies,1718333,13650,32976,791,1765750,2008.75
2009,9,AF-DEPARTMENT OF THE AIR FORCE,156802,664,2979,199,160644,2009.75
2009,9,AG-DEPARTMENT OF AGRICULTURE,105358,685,185,70,106298,2009.75
2009,9,AR-DEPARTMENT OF THE ARMY,261952,1224,12201,76,275453,2009.75
2009,9,CM-DEPARTMENT OF COMMERCE,48979,201,209,25,49414,2009.75
2009,9,DD-DEPARTMENT OF DEFENSE,88781,1291,12267,NA,102340,2009.75
2009,9,DJ-DEPARTMENT OF JUSTICE,111864,526,87,NA,112482,2009.75
2009,9,DL-DEPARTMENT OF LABOR,15942,39,NA,NA,15981,2009.75
2009,9,DN-DEPARTMENT OF ENERGY,15805,NA,21,NA,15826,2009.75
2009,9,ED-DEPARTMENT OF EDUCATION,4212,NA,NA,NA,4218,2009.75
2009,9,HE-DEPARTMENT OF HEALTH AND HUMAN SERVICES,79049,179,191,NA,79427,2009.75
2009,9,HS-DEPARTMENT OF HOMELAND SECURITY,182032,2876,983,175,186066,2009.75
2009,9,HU-DEPARTMENT OF HOUSING AND URBAN DEVELOPMENT,9482,80,NA,NA,9563,2009.75
2009,9,IN-DEPARTMENT OF THE INTERIOR,76278,360,NA,NA,76647,2009.75
2009,9,NV-DEPARTMENT OF THE NAVY,184097,990,3926,NA,189013,2009.75
2009,9,ST-DEPARTMENT OF STATE,11435,NA,30,NA,11469,2009.75
2009,9,TD-DEPARTMENT OF TRANSPORTATION,57240,259,64,24,57587,2009.75
2009,9,TR-DEPARTMENT OF THE TREASURY,107929,607,63,296,108895,2009.75
2009,9,VA-DEPARTMENT OF VETERANS AFFAIRS,293353,3814,20,47,297234,2009.75
2009,9,Cabinet Level Agencies,1810590,13804,33232,931,1858557,2009.75
2009,12,AF-DEPARTMENT OF THE AIR FORCE,159568,382,3089,203,163242,2010
2009,12,AG-DEPARTMENT OF AGRICULTURE,95404,693,179,64,96340,2010
2009,12,AR-DEPARTMENT OF THE ARMY,268182,1255,12389,76,281902,2010
2009,12,CM-DEPARTMENT OF COMMERCE,50399,220,202,25,50846,2010
2009,12,DD-DEPARTMENT OF DEFENSE,90105,1326,12799,NA,104231,2010
2009,12,DJ-DEPARTMENT OF JUSTICE,113081,526,83,NA,113694,2010
2009,12,DL-DEPARTMENT OF LABOR,16207,39,NA,NA,16246,2010
2009,12,DN-DEPARTMENT OF ENERGY,16431,NA,22,NA,16453,2010
2009,12,ED-DEPARTMENT OF EDUCATION,4267,NA,NA,NA,4273,2010
2009,12,HE-DEPARTMENT OF HEALTH AND HUMAN SERVICES,79800,185,207,NA,80199,2010
2009,12,HS-DEPARTMENT OF HOMELAND SECURITY,182122,2865,978,171,186136,2010
2009,12,HU-DEPARTMENT OF HOUSING AND URBAN DEVELOPMENT,9604,80,NA,NA,9685,2010
2009,12,IN-DEPARTMENT OF THE INTERIOR,71149,354,NA,NA,71510,2010
2009,12,NV-DEPARTMENT OF THE NAVY,185499,1280,3975,NA,190754,2010
2009,12,ST-DEPARTMENT OF STATE,11589,NA,30,NA,11622,2010
2009,12,TD-DEPARTMENT OF TRANSPORTATION,57463,263,65,25,57816,2010
2009,12,TR-DEPARTMENT OF THE TREASURY,108095,697,61,292,109145,2010
2009,12,VA-DEPARTMENT OF VETERANS AFFAIRS,296103,3829,19,51,300002,2010
2009,12,Cabinet Level Agencies,1815068,14002,34103,923,1864096,2010
2010,3,AF-DEPARTMENT OF THE AIR FORCE,161303,380,3162,210,165055,2010.25
2010,3,AG-DEPARTMENT OF AGRICULTURE,95816,689,178,65,96748,2010.25
2010,3,AR-DEPARTMENT OF THE ARMY,267420,1262,12580,78,281340,2010.25
2010,3,CM-DEPARTMENT OF COMMERCE,51902,218,198,24,52342,2010.25
2010,3,DD-DEPARTMENT OF DEFENSE,91218,1362,12871,NA,105452,2010.25
2010,3,DJ-DEPARTMENT OF JUSTICE,113673,517,88,NA,114282,2010.25
2010,3,DL-DEPARTMENT OF LABOR,16185,40,NA,NA,16225,2010.25
2010,3,DN-DEPARTMENT OF ENERGY,16366,NA,23,NA,16389,2010.25
2010,3,ED-DEPARTMENT OF EDUCATION,4236,NA,NA,NA,4242,2010.25
2010,3,HE-DEPARTMENT OF HEALTH AND HUMAN SERVICES,80215,197,213,NA,80631,2010.25
2010,3,HS-DEPARTMENT OF HOMELAND SECURITY,181223,2886,985,201,185295,2010.25
2010,3,HU-DEPARTMENT OF HOUSING AND URBAN DEVELOPMENT,9477,78,NA,NA,9557,2010.25
2010,3,IN-DEPARTMENT OF THE INTERIOR,71189,348,NA,NA,71544,2010.25
2010,3,NV-DEPARTMENT OF THE NAVY,186252,1293,3996,NA,191541,2010.25
2010,3,ST-DEPARTMENT OF STATE,11592,NA,29,NA,11625,2010.25
2010,3,TD-DEPARTMENT OF TRANSPORTATION,57085,258,70,25,57438,2010.25
2010,3,TR-DEPARTMENT OF THE TREASURY,122164,682,62,286,123194,2010.25
2010,3,VA-DEPARTMENT OF VETERANS AFFAIRS,297863,3817,21,58,301759,2010.25
2010,3,Cabinet Level Agencies,1835179,14036,34481,963,1884659,2010.25
2010,6,AF-DEPARTMENT OF THE AIR FORCE,166382,364,3578,210,170534,2010.5
2010,6,AG-DEPARTMENT OF AGRICULTURE,111015,729,176,67,111987,2010.5
2010,6,AR-DEPARTMENT OF THE ARMY,273592,1226,13426,89,288333,2010.5
2010,6,CM-DEPARTMENT OF COMMERCE,51629,211,197,26,52063,2010.5
2010,6,DD-DEPARTMENT OF DEFENSE,92928,1335,6387,NA,100651,2010.5
2010,6,DJ-DEPARTMENT OF JUSTICE,114693,515,87,NA,115299,2010.5
2010,6,DL-DEPARTMENT OF LABOR,16443,40,NA,NA,16483,2010.5
2010,6,DN-DEPARTMENT OF ENERGY,16626,NA,24,NA,16650,2010.5
2010,6,ED-DEPARTMENT OF EDUCATION,4337,NA,NA,NA,4343,2010.5
2010,6,HE-DEPARTMENT OF HEALTH AND HUMAN SERVICES,81702,201,219,NA,82129,2010.5
2010,6,HS-DEPARTMENT OF HOMELAND SECURITY,182728,2887,987,195,186797,2010.5
2010,6,HU-DEPARTMENT OF HOUSING AND URBAN DEVELOPMENT,9665,76,NA,NA,9742,2010.5
2010,6,IN-DEPARTMENT OF THE INTERIOR,81425,364,NA,NA,81796,2010.5
2010,6,NV-DEPARTMENT OF THE NAVY,189889,1333,4223,NA,195445,2010.5
2010,6,ST-DEPARTMENT OF STATE,11943,NA,27,NA,11974,2010.5
2010,6,TD-DEPARTMENT OF TRANSPORTATION,57468,262,65,24,57819,2010.5
2010,6,TR-DEPARTMENT OF THE TREASURY,115346,673,66,290,116375,2010.5
2010,6,VA-DEPARTMENT OF VETERANS AFFAIRS,300666,3813,19,61,304559,2010.5
2010,6,Cabinet Level Agencies,1878477,14038,29486,978,1922979,2010.5
2010,9,AF-DEPARTMENT OF THE AIR FORCE,166995,363,3283,211,170852,2010.75
2010,9,AG-DEPARTMENT OF AGRICULTURE,107306,736,181,68,108291,2010.75
2010,9,AR-DEPARTMENT OF THE ARMY,274268,1306,12447,77,288098,2010.75
2010,9,CM-DEPARTMENT OF COMMERCE,48742,184,207,29,49162,2010.75
2010,9,DD-DEPARTMENT OF DEFENSE,93893,1322,12600,NA,107816,2010.75
2010,9,DJ-DEPARTMENT OF JUSTICE,116279,530,90,NA,116901,2010.75
2010,9,DL-DEPARTMENT OF LABOR,16596,43,NA,NA,16640,2010.75
2010,9,DN-DEPARTMENT OF ENERGY,16603,NA,22,NA,16625,2010.75
2010,9,ED-DEPARTMENT OF EDUCATION,4529,NA,NA,NA,4536,2010.75
2010,9,HE-DEPARTMENT OF HEALTH AND HUMAN SERVICES,82767,200,228,NA,83202,2010.75
2010,9,HS-DEPARTMENT OF HOMELAND SECURITY,184901,2916,971,195,188983,2010.75
2010,9,HU-DEPARTMENT OF HOUSING AND URBAN DEVELOPMENT,9962,76,NA,NA,10041,2010.75
2010,9,IN-DEPARTMENT OF THE INTERIOR,78679,361,NA,NA,79048,2010.75
2010,9,NV-DEPARTMENT OF THE NAVY,192022,1411,4100,NA,197533,2010.75
2010,9,ST-DEPARTMENT OF STATE,11858,NA,28,NA,11890,2010.75
2010,9,TD-DEPARTMENT OF TRANSPORTATION,57596,264,61,26,57947,2010.75
2010,9,TR-DEPARTMENT OF THE TREASURY,108969,575,68,288,109900,2010.75
2010,9,VA-DEPARTMENT OF VETERANS AFFAIRS,304868,3857,18,71,308814,2010.75
2010,9,Cabinet Level Agencies,1876833,14154,34310,982,1926279,2010.75
2010,12,AF-DEPARTMENT OF THE AIR FORCE,170328,361,3386,215,174290,2011
2010,12,AG-DEPARTMENT OF AGRICULTURE,97221,758,186,70,98235,2011
2010,12,AR-DEPARTMENT OF THE ARMY,275136,1338,12610,69,289153,2011
2010,12,CM-DEPARTMENT OF COMMERCE,44957,153,204,34,45348,2011
2010,12,DD-DEPARTMENT OF DEFENSE,94719,1340,12997,NA,109057,2011
2010,12,DJ-DEPARTMENT OF JUSTICE,117468,536,96,NA,118104,2011
2010,12,DL-DEPARTMENT OF LABOR,16510,43,NA,NA,16554,2011
2010,12,DN-DEPARTMENT OF ENERGY,16627,NA,24,NA,16651,2011
2010,12,ED-DEPARTMENT OF EDUCATION,4604,NA,NA,NA,4611,2011
2010,12,HE-DEPARTMENT OF HEALTH AND HUMAN SERVICES,83299,209,228,NA,83745,2011
2010,12,HS-DEPARTMENT OF HOMELAND SECURITY,187082,2940,979,196,191197,2011
2010,12,HU-DEPARTMENT OF HOUSING AND URBAN DEVELOPMENT,9741,75,NA,NA,9818,2011
2010,12,IN-DEPARTMENT OF THE INTERIOR,71800,359,NA,NA,72168,2011
2010,12,NV-DEPARTMENT OF THE NAVY,193548,1412,4154,NA,199114,2011
2010,12,ST-DEPARTMENT OF STATE,12057,NA,26,NA,12086,2011
2010,12,TD-DEPARTMENT OF TRANSPORTATION,57827,269,67,26,58189,2011
2010,12,TR-DEPARTMENT OF THE TREASURY,111444,732,73,292,112541,2011
2010,12,VA-DEPARTMENT OF VETERANS AFFAIRS,308832,3943,19,84,312878,2011
2010,12,Cabinet Level Agencies,1873200,14477,35055,1007,1923739,2011
2011,3,AF-DEPARTMENT OF THE AIR FORCE,171841,365,3457,213,175876,2011.25
2011,3,AG-DEPARTMENT OF AGRICULTURE,96764,772,173,80,97789,2011.25
2011,3,AR-DEPARTMENT OF THE ARMY,276204,1380,12748,70,290402,2011.25
2011,3,CM-DEPARTMENT OF COMMERCE,44982,144,204,41,45371,2011.25
2011,3,DD-DEPARTMENT OF DEFENSE,94655,1351,13085,NA,109091,2011.25
2011,3,DJ-DEPARTMENT OF JUSTICE,117054,531,93,NA,117684,2011.25
2011,3,DL-DEPARTMENT OF LABOR,16174,42,NA,NA,16217,2011.25
2011,3,DN-DEPARTMENT OF ENERGY,16413,NA,24,NA,16437,2011.25
2011,3,ED-DEPARTMENT OF EDUCATION,4597,NA,NA,NA,4604,2011.25
2011,3,HE-DEPARTMENT OF HEALTH AND HUMAN SERVICES,84160,212,239,NA,84620,2011.25
2011,3,HS-DEPARTMENT OF HOMELAND SECURITY,188687,2971,991,196,192845,2011.25
2011,3,HU-DEPARTMENT OF HOUSING AND URBAN DEVELOPMENT,9640,75,NA,NA,9718,2011.25
2011,3,IN-DEPARTMENT OF THE INTERIOR,71477,356,NA,NA,71841,2011.25
2011,3,NV-DEPARTMENT OF THE NAVY,193164,1447,4267,NA,198878,2011.25
2011,3,ST-DEPARTMENT OF STATE,12232,NA,16,NA,12250,2011.25
2011,3,TD-DEPARTMENT OF TRANSPORTATION,57466,267,67,28,57828,2011.25
2011,3,TR-DEPARTMENT OF THE TREASURY,121374,711,71,330,122486,2011.25
2011,3,VA-DEPARTMENT OF VETERANS AFFAIRS,310023,3935,18,90,314066,2011.25
2011,3,Cabinet Level Agencies,1886907,14567,35459,1070,1938003,2011.25
2011,6,AF-DEPARTMENT OF THE AIR FORCE,176437,380,3786,214,180817,2011.5
2011,6,AG-DEPARTMENT OF AGRICULTURE,108280,762,177,83,109302,2011.5
2011,6,AR-DEPARTMENT OF THE ARMY,276609,1424,13251,86,291370,2011.5
2011,6,CM-DEPARTMENT OF COMMERCE,45389,140,204,51,45784,2011.5
2011,6,DD-DEPARTMENT OF DEFENSE,93370,1308,6649,NA,101327,2011.5
2011,6,DJ-DEPARTMENT OF JUSTICE,116388,521,89,NA,117003,2011.5
2011,6,DL-DEPARTMENT OF LABOR,16047,41,NA,NA,16089,2011.5
2011,6,DN-DEPARTMENT OF ENERGY,16519,NA,24,NA,16543,2011.5
2011,6,ED-DEPARTMENT OF EDUCATION,4636,NA,NA,NA,4643,2011.5
2011,6,HE-DEPARTMENT OF HEALTH AND HUMAN SERVICES,84981,217,245,NA,85451,2011.5
2011,6,HS-DEPARTMENT OF HOMELAND SECURITY,191426,3030,997,200,195653,2011.5
2011,6,HU-DEPARTMENT OF HOUSING AND URBAN DEVELOPMENT,9662,76,NA,NA,9739,2011.5
2011,6,IN-DEPARTMENT OF THE INTERIOR,79798,350,NA,NA,80156,2011.5
2011,6,NV-DEPARTMENT OF THE NAVY,194790,1455,4330,NA,200575,2011.5
2011,6,ST-DEPARTMENT OF STATE,12596,NA,17,NA,12615,2011.5
2011,6,TD-DEPARTMENT OF TRANSPORTATION,57441,268,66,27,57802,2011.5
2011,6,TR-DEPARTMENT OF THE TREASURY,110502,628,73,331,111534,2011.5
2011,6,VA-DEPARTMENT OF VETERANS AFFAIRS,310797,3885,20,100,314802,2011.5
2011,6,Cabinet Level Agencies,1905668,14493,29934,1110,1951205,2011.5
2011,9,AF-DEPARTMENT OF THE AIR FORCE,174260,382,3424,213,178279,2011.75
2011,9,AG-DEPARTMENT OF AGRICULTURE,104075,746,177,128,105126,2011.75
2011,9,AR-DEPARTMENT OF THE ARMY,269645,1382,12735,75,283837,2011.75
2011,9,CM-DEPARTMENT OF COMMERCE,47236,136,196,58,47626,2011.75
2011,9,DD-DEPARTMENT OF DEFENSE,98334,1318,12881,NA,112534,2011.75
2011,9,DJ-DEPARTMENT OF JUSTICE,115662,517,89,NA,116273,2011.75
2011,9,DL-DEPARTMENT OF LABOR,16253,44,NA,NA,16298,2011.75
2011,9,DN-DEPARTMENT OF ENERGY,16357,NA,24,NA,16381,2011.75
2011,9,ED-DEPARTMENT OF EDUCATION,4613,NA,NA,NA,4620,2011.75
2011,9,HE-DEPARTMENT OF HEALTH AND HUMAN SERVICES,85169,219,246,NA,85642,2011.75
2011,9,HS-DEPARTMENT OF HOMELAND SECURITY,193818,3229,988,207,198242,2011.75
2011,9,HU-DEPARTMENT OF HOUSING AND URBAN DEVELOPMENT,9682,76,NA,NA,9758,2011.75
2011,9,IN-DEPARTMENT OF THE INTERIOR,76859,358,NA,NA,77225,2011.75
2011,9,NV-DEPARTMENT OF THE NAVY,193887,1474,4233,NA,199594,2011.75
2011,9,ST-DEPARTMENT OF STATE,12576,NA,17,NA,12595,2011.75
2011,9,TD-DEPARTMENT OF TRANSPORTATION,57360,270,66,25,57721,2011.75
2011,9,TR-DEPARTMENT OF THE TREASURY,105448,558,69,328,106403,2011.75
2011,9,VA-DEPARTMENT OF VETERANS AFFAIRS,312477,3882,18,103,316480,2011.75
2011,9,Cabinet Level Agencies,1893711,14599,35169,1155,1944634,2011.75
2011,12,AF-DEPARTMENT OF THE AIR FORCE,171964,387,3239,212,175802,2012
2011,12,AG-DEPARTMENT OF AGRICULTURE,91184,722,176,135,92217,2012
2011,12,AR-DEPARTMENT OF THE ARMY,268172,1383,12781,NA,282336,2012
2011,12,CM-DEPARTMENT OF COMMERCE,45352,132,201,52,45737,2012
2011,12,DD-DEPARTMENT OF DEFENSE,98778,1333,13242,NA,113353,2012
2011,12,DJ-DEPARTMENT OF JUSTICE,115134,515,92,NA,115746,2012
2011,12,DL-DEPARTMENT OF LABOR,16322,43,NA,NA,16366,2012
2011,12,DN-DEPARTMENT OF ENERGY,16118,NA,22,NA,16140,2012
2011,12,ED-DEPARTMENT OF EDUCATION,4635,NA,NA,NA,4642,2012
2011,12,HE-DEPARTMENT OF HEALTH AND HUMAN SERVICES,84779,223,246,NA,85257,2012
2011,12,HS-DEPARTMENT OF HOMELAND SECURITY,194308,3174,979,197,198658,2012
2011,12,HU-DEPARTMENT OF HOUSING AND URBAN DEVELOPMENT,9380,76,NA,NA,9459,2012
2011,12,IN-DEPARTMENT OF THE INTERIOR,69491,366,NA,NA,69866,2012
2011,12,NV-DEPARTMENT OF THE NAVY,193487,1497,4225,NA,199209,2012
2011,12,ST-DEPARTMENT OF STATE,12567,NA,19,NA,12588,2012
2011,12,TD-DEPARTMENT OF TRANSPORTATION,56968,269,62,25,57324,2012
2011,12,TR-DEPARTMENT OF THE TREASURY,104563,662,66,321,105612,2012
2011,12,VA-DEPARTMENT OF VETERANS AFFAIRS,313624,3867,17,112,317620,2012
2011,12,Cabinet Level Agencies,1866826,14657,35373,1076,1917932,2012
2012,3,AF-DEPARTMENT OF THE AIR FORCE,169115,393,3155,219,172882,2012.25
2012,3,AG-DEPARTMENT OF AGRICULTURE,91501,715,177,137,92530,2012.25
2012,3,AR-DEPARTMENT OF THE ARMY,266723,1364,12705,NA,280792,2012.25
2012,3,CM-DEPARTMENT OF COMMERCE,44000,127,194,51,44372,2012.25
2012,3,DD-DEPARTMENT OF DEFENSE,98308,1356,13384,NA,113048,2012.25
2012,3,DJ-DEPARTMENT OF JUSTICE,115009,509,95,NA,115621,2012.25
2012,3,DL-DEPARTMENT OF LABOR,16390,44,NA,NA,16435,2012.25
2012,3,DN-DEPARTMENT OF ENERGY,15937,NA,23,NA,15960,2012.25
2012,3,ED-DEPARTMENT OF EDUCATION,4508,NA,NA,NA,4514,2012.25
2012,3,HE-DEPARTMENT OF HEALTH AND HUMAN SERVICES,85038,224,253,NA,85523,2012.25
2012,3,HS-DEPARTMENT OF HOMELAND SECURITY,193524,2989,978,315,197806,2012.25
2012,3,HU-DEPARTMENT OF HOUSING AND URBAN DEVELOPMENT,9299,75,NA,NA,9377,2012.25
2012,3,IN-DEPARTMENT OF THE INTERIOR,70444,364,NA,NA,70817,2012.25
2012,3,NV-DEPARTMENT OF THE NAVY,192270,1441,4249,NA,197960,2012.25
2012,3,ST-DEPARTMENT OF STATE,12629,NA,19,NA,12650,2012.25
2012,3,TD-DEPARTMENT OF TRANSPORTATION,56899,270,62,25,57256,2012.25
2012,3,TR-DEPARTMENT OF THE TREASURY,114785,707,62,323,115877,2012.25
2012,3,VA-DEPARTMENT OF VETERANS AFFAIRS,314156,3858,17,113,318144,2012.25
2012,3,Cabinet Level Agencies,1870535,14443,35378,1208,1921564,2012.25
2012,6,AF-DEPARTMENT OF THE AIR FORCE,167655,408,3157,233,171453,2012.5
2012,6,AG-DEPARTMENT OF AGRICULTURE,104029,708,175,141,105053,2012.5
2012,6,AR-DEPARTMENT OF THE ARMY,266417,1340,13079,84,280920,2012.5
2012,6,CM-DEPARTMENT OF COMMERCE,44498,130,193,51,44872,2012.5
2012,6,DD-DEPARTMENT OF DEFENSE,98140,1289,6620,NA,106059,2012.5
2012,6,DJ-DEPARTMENT OF JUSTICE,114986,502,96,15,115599,2012.5
2012,6,DL-DEPARTMENT OF LABOR,16670,43,NA,NA,16713,2012.5
2012,6,DN-DEPARTMENT OF ENERGY,16114,NA,21,NA,16135,2012.5
2012,6,ED-DEPARTMENT OF EDUCATION,4440,NA,NA,NA,4446,2012.5
2012,6,HE-DEPARTMENT OF HEALTH AND HUMAN SERVICES,85540,226,264,21,86051,2012.5
2012,6,HS-DEPARTMENT OF HOMELAND SECURITY,194294,2930,1003,315,198542,2012.5
2012,6,HU-DEPARTMENT OF HOUSING AND URBAN DEVELOPMENT,9238,75,NA,NA,9316,2012.5
2012,6,IN-DEPARTMENT OF THE INTERIOR,80366,387,NA,NA,80764,2012.5
2012,6,NV-DEPARTMENT OF THE NAVY,194249,1423,4331,NA,200004,2012.5
2012,6,ST-DEPARTMENT OF STATE,12946,NA,17,NA,12967,2012.5
2012,6,TD-DEPARTMENT OF TRANSPORTATION,56527,269,63,158,57017,2012.5
2012,6,TR-DEPARTMENT OF THE TREASURY,106745,704,59,315,107823,2012.5
2012,6,VA-DEPARTMENT OF VETERANS AFFAIRS,316138,3852,17,117,320124,2012.5
2012,6,Cabinet Level Agencies,1888992,14294,29098,1474,1933858,2012.5
2012,9,AF-DEPARTMENT OF THE AIR FORCE,167122,389,3142,232,170885,2012.75
2012,9,AG-DEPARTMENT OF AGRICULTURE,100287,698,175,144,101304,2012.75
2012,9,AR-DEPARTMENT OF THE ARMY,263685,1319,12224,NA,277231,2012.75
2012,9,CM-DEPARTMENT OF COMMERCE,44751,129,202,54,45136,2012.75
2012,9,DD-DEPARTMENT OF DEFENSE,98065,1299,12480,NA,111844,2012.75
2012,9,DJ-DEPARTMENT OF JUSTICE,115457,499,93,16,116065,2012.75
2012,9,DL-DEPARTMENT OF LABOR,16750,43,NA,NA,16793,2012.75
2012,9,DN-DEPARTMENT OF ENERGY,15860,NA,22,NA,15882,2012.75
2012,9,ED-DEPARTMENT OF EDUCATION,4360,NA,NA,NA,4366,2012.75
2012,9,HE-DEPARTMENT OF HEALTH AND HUMAN SERVICES,85916,227,264,18,86425,2012.75
2012,9,HS-DEPARTMENT OF HOMELAND SECURITY,193881,2919,987,313,198100,2012.75
2012,9,HU-DEPARTMENT OF HOUSING AND URBAN DEVELOPMENT,9181,75,NA,NA,9260,2012.75
2012,9,IN-DEPARTMENT OF THE INTERIOR,76668,375,NA,NA,77053,2012.75
2012,9,NV-DEPARTMENT OF THE NAVY,193940,1401,4326,NA,199668,2012.75
2012,9,ST-DEPARTMENT OF STATE,12800,NA,17,NA,12824,2012.75
2012,9,TD-DEPARTMENT OF TRANSPORTATION,56648,278,62,158,57146,2012.75
2012,9,TR-DEPARTMENT OF THE TREASURY,103766,684,54,314,104818,2012.75
2012,9,VA-DEPARTMENT OF VETERANS AFFAIRS,320490,3896,17,95,324498,2012.75
2012,9,Cabinet Level Agencies,1879627,14241,34069,1361,1929298,2012.75
2012,12,AF-DEPARTMENT OF THE AIR FORCE,168287,392,3194,227,172100,2013
2012,12,AG-DEPARTMENT OF AGRICULTURE,90279,690,173,136,91278,2013
2012,12,AR-DEPARTMENT OF THE ARMY,262905,1369,12265,NA,276542,2013
2012,12,CM-DEPARTMENT OF COMMERCE,44619,131,200,46,44996,2013
2012,12,DD-DEPARTMENT OF DEFENSE,98649,1315,12877,NA,112845,2013
2012,12,DJ-DEPARTMENT OF JUSTICE,115700,515,90,18,116323,2013
2012,12,DL-DEPARTMENT OF LABOR,16772,44,NA,NA,16816,2013
2012,12,DN-DEPARTMENT OF ENERGY,15691,NA,24,NA,15715,2013
2012,12,ED-DEPARTMENT OF EDUCATION,4288,NA,NA,NA,4294,2013
2012,12,HE-DEPARTMENT OF HEALTH AND HUMAN SERVICES,86031,225,258,18,86532,2013
2012,12,HS-DEPARTMENT OF HOMELAND SECURITY,193449,2879,1005,294,197627,2013
2012,12,HU-DEPARTMENT OF HOUSING AND URBAN DEVELOPMENT,9049,63,NA,NA,9114,2013
2012,12,IN-DEPARTMENT OF THE INTERIOR,69325,368,NA,NA,69702,2013
2012,12,NV-DEPARTMENT OF THE NAVY,194341,1354,4351,NA,200046,2013
2012,12,ST-DEPARTMENT OF STATE,12829,NA,18,NA,12854,2013
2012,12,TD-DEPARTMENT OF TRANSPORTATION,56542,289,57,154,57042,2013
2012,12,TR-DEPARTMENT OF THE TREASURY,103064,669,57,310,104100,2013
2012,12,VA-DEPARTMENT OF VETERANS AFFAIRS,324046,3940,17,85,328088,2013
2012,12,Cabinet Level Agencies,1865866,14253,34590,1305,1916014,2013
2013,3,AF-DEPARTMENT OF THE AIR FORCE,166986,379,3192,236,170793,2013.25
2013,3,AG-DEPARTMENT OF AGRICULTURE,88628,673,171,130,89602,2013.25
2013,3,AR-DEPARTMENT OF THE ARMY,257360,1339,12062,NA,270762,2013.25
2013,3,CM-DEPARTMENT OF COMMERCE,44921,127,202,49,45299,2013.25
2013,3,DD-DEPARTMENT OF DEFENSE,98326,1306,12676,NA,112312,2013.25
2013,3,DJ-DEPARTMENT OF JUSTICE,115194,520,98,14,115826,2013.25
2013,3,DL-DEPARTMENT OF LABOR,16592,43,NA,NA,16635,2013.25
2013,3,DN-DEPARTMENT OF ENERGY,15490,NA,24,NA,15514,2013.25
2013,3,ED-DEPARTMENT OF EDUCATION,4246,NA,NA,NA,4252,2013.25
2013,3,HE-DEPARTMENT OF HEALTH AND HUMAN SERVICES,85855,225,263,17,86360,2013.25
2013,3,HS-DEPARTMENT OF HOMELAND SECURITY,192765,2834,1024,176,196799,2013.25
2013,3,HU-DEPARTMENT OF HOUSING AND URBAN DEVELOPMENT,8893,58,NA,NA,8953,2013.25
2013,3,IN-DEPARTMENT OF THE INTERIOR,68623,370,NA,NA,69004,2013.25
2013,3,NV-DEPARTMENT OF THE NAVY,192033,1302,4307,NA,197642,2013.25
2013,3,ST-DEPARTMENT OF STATE,12760,NA,20,NA,12787,2013.25
2013,3,TD-DEPARTMENT OF TRANSPORTATION,56062,285,55,153,56555,2013.25
2013,3,TR-DEPARTMENT OF THE TREASURY,111729,678,58,314,112779,2013.25
2013,3,VA-DEPARTMENT OF VETERANS AFFAIRS,325935,3897,17,88,329937,2013.25
2013,3,Cabinet Level Agencies,1862398,14046,34174,1193,1911811,2013.25
2013,6,AF-DEPARTMENT OF THE AIR FORCE,165220,379,3123,236,168958,2013.5
2013,6,AG-DEPARTMENT OF AGRICULTURE,98986,662,173,130,99951,2013.5
2013,6,AR-DEPARTMENT OF THE ARMY,252847,1380,11608,NA,265835,2013.5
2013,6,CM-DEPARTMENT OF COMMERCE,46828,130,218,59,47235,2013.5
2013,6,DD-DEPARTMENT OF DEFENSE,97370,1278,6007,NA,104659,2013.5
2013,6,DJ-DEPARTMENT OF JUSTICE,114505,514,101,17,115137,2013.5
2013,6,DL-DEPARTMENT OF LABOR,16372,43,NA,NA,16415,2013.5
2013,6,DN-DEPARTMENT OF ENERGY,15540,NA,23,NA,15563,2013.5
2013,6,ED-DEPARTMENT OF EDUCATION,4219,NA,NA,NA,4225,2013.5
2013,6,HE-DEPARTMENT OF HEALTH AND HUMAN SERVICES,86007,228,264,16,86515,2013.5
2013,6,HS-DEPARTMENT OF HOMELAND SECURITY,190449,2801,1059,171,194480,2013.5
2013,6,HU-DEPARTMENT OF HOUSING AND URBAN DEVELOPMENT,8770,59,NA,NA,8831,2013.5
2013,6,IN-DEPARTMENT OF THE INTERIOR,74412,349,NA,NA,74772,2013.5
2013,6,NV-DEPARTMENT OF THE NAVY,190344,1274,4127,NA,195745,2013.5
2013,6,ST-DEPARTMENT OF STATE,12842,NA,18,NA,12866,2013.5
2013,6,TD-DEPARTMENT OF TRANSPORTATION,55271,279,45,149,55744,2013.5
2013,6,TR-DEPARTMENT OF THE TREASURY,102512,520,57,307,103396,2013.5
2013,6,VA-DEPARTMENT OF VETERANS AFFAIRS,328502,3938,17,97,332554,2013.5
2013,6,Cabinet Level Agencies,1860996,13844,26845,1196,1902881,2013.5
2013,9,AF-DEPARTMENT OF THE AIR FORCE,163774,377,3038,250,167439,2013.75
2013,9,AG-DEPARTMENT OF AGRICULTURE,96274,657,174,126,97231,2013.75
2013,9,AR-DEPARTMENT OF THE ARMY,248557,1371,11101,NA,261029,2013.75
2013,9,CM-DEPARTMENT OF COMMERCE,45860,128,217,52,46257,2013.75
2013,9,DD-DEPARTMENT OF DEFENSE,96721,1268,11534,NA,109527,2013.75
2013,9,DJ-DEPARTMENT OF JUSTICE,114080,508,93,18,114699,2013.75
2013,9,DL-DEPARTMENT OF LABOR,16187,44,NA,NA,16231,2013.75
2013,9,DN-DEPARTMENT OF ENERGY,15425,NA,22,NA,15447,2013.75
2013,9,ED-DEPARTMENT OF EDUCATION,4226,NA,NA,NA,4232,2013.75
2013,9,HE-DEPARTMENT OF HEALTH AND HUMAN SERVICES,85953,228,265,17,86463,2013.75
2013,9,HS-DEPARTMENT OF HOMELAND SECURITY,189880,2782,1027,178,193867,2013.75
2013,9,HU-DEPARTMENT OF HOUSING AND URBAN DEVELOPMENT,8687,59,NA,NA,8747,2013.75
2013,9,IN-DEPARTMENT OF THE INTERIOR,71418,337,NA,NA,71766,2013.75
2013,9,NV-DEPARTMENT OF THE NAVY,189099,1262,3940,NA,194301,2013.75
2013,9,ST-DEPARTMENT OF STATE,12863,NA,22,NA,12891,2013.75
2013,9,TD-DEPARTMENT OF TRANSPORTATION,54801,278,38,146,55263,2013.75
2013,9,TR-DEPARTMENT OF THE TREASURY,97620,518,55,306,98499,2013.75
2013,9,VA-DEPARTMENT OF VETERANS AFFAIRS,333705,3956,20,NA,337683,2013.75
2013,9,Cabinet Level Agencies,1845130,13783,31551,1108,1891572,2013.75
2013,12,AF-DEPARTMENT OF THE AIR FORCE,163009,390,3088,251,166738,2014
2013,12,AG-DEPARTMENT OF AGRICULTURE,86707,669,166,125,87667,2014
2013,12,AR-DEPARTMENT OF THE ARMY,245565,1378,10877,NA,257820,2014
2013,12,CM-DEPARTMENT OF COMMERCE,44959,129,213,54,45355,2014
2013,12,DD-DEPARTMENT OF DEFENSE,97034,1326,11847,NA,110211,2014
2013,12,DJ-DEPARTMENT OF JUSTICE,113621,507,92,13,114233,2014
2013,12,DL-DEPARTMENT OF LABOR,16107,43,NA,NA,16150,2014
2013,12,DN-DEPARTMENT OF ENERGY,15341,NA,20,NA,15361,2014
2013,12,ED-DEPARTMENT OF EDUCATION,4206,NA,NA,NA,4212,2014
2013,12,HE-DEPARTMENT OF HEALTH AND HUMAN SERVICES,85756,228,263,17,86264,2014
2013,12,HS-DEPARTMENT OF HOMELAND SECURITY,188607,2740,1050,185,192582,2014
2013,12,HU-DEPARTMENT OF HOUSING AND URBAN DEVELOPMENT,8537,59,NA,NA,8597,2014
2013,12,IN-DEPARTMENT OF THE INTERIOR,64598,322,NA,NA,64931,2014
2013,12,NV-DEPARTMENT OF THE NAVY,187776,1248,3848,NA,192872,2014
2013,12,ST-DEPARTMENT OF STATE,12852,16,25,NA,12896,2014
2013,12,TD-DEPARTMENT OF TRANSPORTATION,54148,274,40,143,54605,2014
2013,12,TR-DEPARTMENT OF THE TREASURY,99377,670,52,303,100402,2014
2013,12,VA-DEPARTMENT OF VETERANS AFFAIRS,336939,3965,19,NA,340926,2014
2013,12,Cabinet Level Agencies,1825139,13970,31606,1107,1871822,2014
2014,3,AF-DEPARTMENT OF THE AIR FORCE,161451,385,3072,252,165160,2014.25
2014,3,AG-DEPARTMENT OF AGRICULTURE,85396,664,163,121,86344,2014.25
2014,3,AR-DEPARTMENT OF THE ARMY,242447,1393,10713,NA,254553,2014.25
2014,3,CM-DEPARTMENT OF COMMERCE,44945,128,211,50,45334,2014.25
2014,3,DD-DEPARTMENT OF DEFENSE,96170,1348,11886,NA,109408,2014.25
2014,3,DJ-DEPARTMENT OF JUSTICE,112162,520,88,14,112784,2014.25
2014,3,DL-DEPARTMENT OF LABOR,15876,42,NA,NA,15919,2014.25
2014,3,DN-DEPARTMENT OF ENERGY,15057,NA,21,NA,15078,2014.25
2014,3,ED-DEPARTMENT OF EDUCATION,4136,NA,NA,NA,4142,2014.25
2014,3,HE-DEPARTMENT OF HEALTH AND HUMAN SERVICES,85406,223,261,18,85908,2014.25
2014,3,HS-DEPARTMENT OF HOMELAND SECURITY,187032,2696,1049,176,190953,2014.25
2014,3,HU-DEPARTMENT OF HOUSING AND URBAN DEVELOPMENT,8359,56,NA,NA,8416,2014.25
2014,3,IN-DEPARTMENT OF THE INTERIOR,63772,323,NA,NA,64108,2014.25
2014,3,NV-DEPARTMENT OF THE NAVY,186134,1239,3829,NA,191202,2014.25
2014,3,ST-DEPARTMENT OF STATE,12783,15,25,NA,12827,2014.25
2014,3,TD-DEPARTMENT OF TRANSPORTATION,53842,275,40,144,54301,2014.25
2014,3,TR-DEPARTMENT OF THE TREASURY,106937,671,51,299,107958,2014.25
2014,3,VA-DEPARTMENT OF VETERANS AFFAIRS,338107,3960,19,NA,342089,2014.25
2014,3,Cabinet Level Agencies,1820012,13944,31436,1092,1866484,2014.25
2014,6,AF-DEPARTMENT OF THE AIR FORCE,161848,386,3002,258,165494,2014.5
2014,6,AG-DEPARTMENT OF AGRICULTURE,97194,645,160,119,98118,2014.5
2014,6,AR-DEPARTMENT OF THE ARMY,242537,1444,10523,NA,254504,2014.5
2014,6,CM-DEPARTMENT OF COMMERCE,44736,127,220,46,45129,2014.5
2014,6,DD-DEPARTMENT OF DEFENSE,96555,1333,5677,NA,103569,2014.5
2014,6,DJ-DEPARTMENT OF JUSTICE,111755,509,88,13,112365,2014.5
2014,6,DL-DEPARTMENT OF LABOR,15789,41,NA,NA,15832,2014.5
2014,6,DN-DEPARTMENT OF ENERGY,15022,NA,20,NA,15042,2014.5
2014,6,ED-DEPARTMENT OF EDUCATION,4138,NA,NA,NA,4144,2014.5
2014,6,HE-DEPARTMENT OF HEALTH AND HUMAN SERVICES,85234,221,250,NA,85711,2014.5
2014,6,HS-DEPARTMENT OF HOMELAND SECURITY,186284,2662,1061,172,190179,2014.5
2014,6,HU-DEPARTMENT OF HOUSING AND URBAN DEVELOPMENT,8287,55,NA,NA,8342,2014.5
2014,6,IN-DEPARTMENT OF THE INTERIOR,71874,318,NA,NA,72204,2014.5
2014,6,NV-DEPARTMENT OF THE NAVY,187061,1242,3796,NA,192099,2014.5
2014,6,ST-DEPARTMENT OF STATE,12734,17,27,NA,12782,2014.5
2014,6,TD-DEPARTMENT OF TRANSPORTATION,53921,278,40,141,54380,2014.5
2014,6,TR-DEPARTMENT OF THE TREASURY,98678,499,50,294,99521,2014.5
2014,6,VA-DEPARTMENT OF VETERANS AFFAIRS,340376,4004,17,13,344410,2014.5
2014,6,Cabinet Level Agencies,1834023,13787,24940,1075,1873825,2014.5
2014,9,AF-DEPARTMENT OF THE AIR FORCE,160991,383,2849,262,164485,2014.75
2014,9,AG-DEPARTMENT OF AGRICULTURE,94993,652,158,114,95917,2014.75
2014,9,AR-DEPARTMENT OF THE ARMY,242524,1481,10239,NA,254245,2014.75
2014,9,CM-DEPARTMENT OF COMMERCE,44976,129,230,45,45380,2014.75
2014,9,DD-DEPARTMENT OF DEFENSE,96525,1306,10740,NA,108575,2014.75
2014,9,DJ-DEPARTMENT OF JUSTICE,112630,512,85,13,113240,2014.75
2014,9,DL-DEPARTMENT OF LABOR,15897,41,NA,NA,15940,2014.75
2014,9,DN-DEPARTMENT OF ENERGY,14972,NA,20,NA,14992,2014.75
2014,9,ED-DEPARTMENT OF EDUCATION,4189,NA,NA,NA,4195,2014.75
2014,9,HE-DEPARTMENT OF HEALTH AND HUMAN SERVICES,84104,224,255,NA,84588,2014.75
2014,9,HS-DEPARTMENT OF HOMELAND SECURITY,185465,2658,1058,160,189341,2014.75
2014,9,HU-DEPARTMENT OF HOUSING AND URBAN DEVELOPMENT,8390,54,NA,NA,8444,2014.75
2014,9,IN-DEPARTMENT OF THE INTERIOR,69617,324,NA,NA,69955,2014.75
2014,9,NV-DEPARTMENT OF THE NAVY,188294,1251,3748,NA,193293,2014.75
2014,9,ST-DEPARTMENT OF STATE,12651,17,23,NA,12694,2014.75
2014,9,TD-DEPARTMENT OF TRANSPORTATION,54320,275,37,144,54776,2014.75
2014,9,TR-DEPARTMENT OF THE TREASURY,91779,491,53,296,92619,2014.75
2014,9,VA-DEPARTMENT OF VETERANS AFFAIRS,344609,4081,18,16,348724,2014.75
2014,9,Cabinet Level Agencies,1826926,13885,29522,1070,1871403,2014.75
2014,12,AF-DEPARTMENT OF THE AIR FORCE,162248,358,2733,239,165578,2015
2014,12,AG-DEPARTMENT OF AGRICULTURE,85621,638,151,107,86517,2015
2014,12,AR-DEPARTMENT OF THE ARMY,242220,1408,9596,NA,253225,2015
2014,12,CM-DEPARTMENT OF COMMERCE,45281,127,215,50,45673,2015
2014,12,DD-DEPARTMENT OF DEFENSE,96467,1296,10891,NA,108654,2015
2014,12,DJ-DEPARTMENT OF JUSTICE,114279,304,71,NA,114656,2015
2014,12,DL-DEPARTMENT OF LABOR,15981,36,NA,NA,16020,2015
2014,12,DN-DEPARTMENT OF ENERGY,14941,NA,20,NA,14961,2015
2014,12,ED-DEPARTMENT OF EDUCATION,4248,NA,NA,NA,4252,2015
2014,12,HE-DEPARTMENT OF HEALTH AND HUMAN SERVICES,83765,213,253,NA,84235,2015
2014,12,HS-DEPARTMENT OF HOMELAND SECURITY,187232,623,22,86,187963,2015
2014,12,HU-DEPARTMENT OF HOUSING AND URBAN DEVELOPMENT,8377,54,NA,NA,8431,2015
2014,12,IN-DEPARTMENT OF THE INTERIOR,62842,329,NA,NA,63182,2015
2014,12,NV-DEPARTMENT OF THE NAVY,189444,1136,3486,NA,194066,2015
2014,12,ST-DEPARTMENT OF STATE,12688,12,23,NA,12726,2015
2014,12,TD-DEPARTMENT OF TRANSPORTATION,54761,271,38,148,55218,2015
2014,12,TR-DEPARTMENT OF THE TREASURY,95167,461,33,230,95891,2015
2014,12,VA-DEPARTMENT OF VETERANS AFFAIRS,347730,4136,18,19,351903,2015
2014,12,Cabinet Level Agencies,1823292,11406,27560,893,1863151,2015
2015,3,AF-DEPARTMENT OF THE AIR FORCE,161782,370,2797,242,165191,2015.25
2015,3,AG-DEPARTMENT OF AGRICULTURE,85033,643,153,66,85895,2015.25
2015,3,AR-DEPARTMENT OF THE ARMY,240919,1424,9692,NA,252037,2015.25
2015,3,CM-DEPARTMENT OF COMMERCE,45786,124,218,52,46180,2015.25
2015,3,DD-DEPARTMENT OF DEFENSE,96482,1334,11163,NA,108979,2015.25
2015,3,DJ-DEPARTMENT OF JUSTICE,113973,292,75,NA,114346,2015.25
2015,3,DL-DEPARTMENT OF LABOR,15818,36,NA,NA,15856,2015.25
2015,3,DN-DEPARTMENT OF ENERGY,14857,NA,19,NA,14876,2015.25
2015,3,ED-DEPARTMENT OF EDUCATION,4187,NA,NA,NA,4191,2015.25
2015,3,HE-DEPARTMENT OF HEALTH AND HUMAN SERVICES,83747,211,261,NA,84222,2015.25
2015,3,HS-DEPARTMENT OF HOMELAND SECURITY,186238,613,22,91,186964,2015.25
2015,3,HU-DEPARTMENT OF HOUSING AND URBAN DEVELOPMENT,8277,51,NA,NA,8328,2015.25
2015,3,IN-DEPARTMENT OF THE INTERIOR,62416,324,NA,NA,62750,2015.25
2015,3,NV-DEPARTMENT OF THE NAVY,190424,1131,3571,NA,195126,2015.25
2015,3,ST-DEPARTMENT OF STATE,12634,12,24,NA,12673,2015.25
2015,3,TD-DEPARTMENT OF TRANSPORTATION,54402,271,37,146,54856,2015.25
2015,3,TR-DEPARTMENT OF THE TREASURY,101998,556,34,226,102814,2015.25
2015,3,VA-DEPARTMENT OF VETERANS AFFAIRS,350628,4236,17,21,354902,2015.25
2015,3,Cabinet Level Agencies,1829601,11632,28091,862,1870186,2015.25
2015,6,AF-DEPARTMENT OF THE AIR FORCE,163793,374,2878,241,167286,2015.5
2015,6,AG-DEPARTMENT OF AGRICULTURE,96893,677,152,68,97790,2015.5
2015,6,AR-DEPARTMENT OF THE ARMY,242326,1346,9909,NA,253583,2015.5
2015,6,CM-DEPARTMENT OF COMMERCE,48205,123,231,67,48626,2015.5
2015,6,DD-DEPARTMENT OF DEFENSE,97344,1353,5434,NA,104131,2015.5
2015,6,DJ-DEPARTMENT OF JUSTICE,114440,291,74,NA,114811,2015.5
2015,6,DL-DEPARTMENT OF LABOR,15869,36,NA,NA,15908,2015.5
2015,6,DN-DEPARTMENT OF ENERGY,15027,NA,18,NA,15045,2015.5
2015,6,ED-DEPARTMENT OF EDUCATION,4208,NA,NA,NA,4212,2015.5
2015,6,HE-DEPARTMENT OF HEALTH AND HUMAN SERVICES,84481,202,260,NA,84946,2015.5
2015,6,HS-DEPARTMENT OF HOMELAND SECURITY,186823,594,23,70,187510,2015.5
2015,6,HU-DEPARTMENT OF HOUSING AND URBAN DEVELOPMENT,8214,50,NA,NA,8264,2015.5
2015,6,IN-DEPARTMENT OF THE INTERIOR,71040,325,NA,NA,71375,2015.5
2015,6,NV-DEPARTMENT OF THE NAVY,193704,1181,3635,NA,198520,2015.5
2015,6,ST-DEPARTMENT OF STATE,12662,12,22,NA,12698,2015.5
2015,6,TD-DEPARTMENT OF TRANSPORTATION,54209,272,33,147,54661,2015.5
2015,6,TR-DEPARTMENT OF THE TREASURY,97021,492,34,223,97770,2015.5
2015,6,VA-DEPARTMENT OF VETERANS AFFAIRS,354695,4257,17,22,358991,2015.5
2015,6,Cabinet Level Agencies,1860954,11589,22729,855,1896127,2015.5
2015,9,AF-DEPARTMENT OF THE AIR FORCE,163478,388,2779,238,166883,2015.75
2015,9,AG-DEPARTMENT OF AGRICULTURE,95672,675,154,66,96567,2015.75
2015,9,AR-DEPARTMENT OF THE ARMY,240746,1300,9679,NA,251727,2015.75
2015,9,CM-DEPARTMENT OF COMMERCE,46968,118,227,65,47378,2015.75
2015,9,DD-DEPARTMENT OF DEFENSE,97186,1217,10431,NA,108834,2015.75
2015,9,DJ-DEPARTMENT OF JUSTICE,114395,297,79,NA,114776,2015.75
2015,9,DL-DEPARTMENT OF LABOR,15849,37,NA,NA,15889,2015.75
2015,9,DN-DEPARTMENT OF ENERGY,15088,NA,19,NA,15107,2015.75
2015,9,ED-DEPARTMENT OF EDUCATION,4255,NA,NA,NA,4259,2015.75
2015,9,HE-DEPARTMENT OF HEALTH AND HUMAN SERVICES,84862,205,259,NA,85328,2015.75
2015,9,HS-DEPARTMENT OF HOMELAND SECURITY,186433,600,21,76,187130,2015.75
2015,9,HU-DEPARTMENT OF HOUSING AND URBAN DEVELOPMENT,8159,50,NA,NA,8209,2015.75
2015,9,IN-DEPARTMENT OF THE INTERIOR,69414,334,NA,NA,69757,2015.75
2015,9,NV-DEPARTMENT OF THE NAVY,196766,1200,3650,NA,201616,2015.75
2015,9,ST-DEPARTMENT OF STATE,12696,12,36,NA,12747,2015.75
2015,9,TD-DEPARTMENT OF TRANSPORTATION,54308,287,23,151,54769,2015.75
2015,9,TR-DEPARTMENT OF THE TREASURY,90581,376,28,223,91208,2015.75
2015,9,VA-DEPARTMENT OF VETERANS AFFAIRS,360780,4718,14,55,365567,2015.75
2015,9,Cabinet Level Agencies,1857636,11818,27408,889,1897751,2015.75
2015,12,AF-DEPARTMENT OF THE AIR FORCE,164522,394,2805,234,167955,2016
2015,12,AG-DEPARTMENT OF AGRICULTURE,86427,663,156,59,87305,2016
2015,12,AR-DEPARTMENT OF THE ARMY,240210,1313,9812,NA,251337,2016
2015,12,CM-DEPARTMENT OF COMMERCE,45292,119,221,54,45686,2016
2015,12,DD-DEPARTMENT OF DEFENSE,98585,1238,10871,NA,110697,2016
2015,12,DJ-DEPARTMENT OF JUSTICE,115107,308,78,NA,115498,2016
2015,12,DL-DEPARTMENT OF LABOR,15913,37,NA,NA,15953,2016
2015,12,DN-DEPARTMENT OF ENERGY,15113,NA,19,NA,15132,2016
2015,12,ED-DEPARTMENT OF EDUCATION,4251,NA,NA,NA,4255,2016
2015,12,HE-DEPARTMENT OF HEALTH AND HUMAN SERVICES,85476,206,252,NA,85937,2016
2015,12,HS-DEPARTMENT OF HOMELAND SECURITY,187826,598,20,83,188527,2016
2015,12,HU-DEPARTMENT OF HOUSING AND URBAN DEVELOPMENT,8177,51,NA,NA,8228,2016
2015,12,IN-DEPARTMENT OF THE INTERIOR,62419,339,NA,NA,62768,2016
2015,12,NV-DEPARTMENT OF THE NAVY,198361,1220,3694,NA,203275,2016
2015,12,ST-DEPARTMENT OF STATE,12760,12,43,NA,12818,2016
2015,12,TD-DEPARTMENT OF TRANSPORTATION,54592,289,22,152,55055,2016
2015,12,TR-DEPARTMENT OF THE TREASURY,94167,586,25,225,95003,2016
2015,12,VA-DEPARTMENT OF VETERANS AFFAIRS,361953,4300,14,76,366343,2016
2015,12,Cabinet Level Agencies,1851151,11677,28041,903,1891772,2016
2016,3,AF-DEPARTMENT OF THE AIR FORCE,164107,396,2848,233,167584,2016.25
2016,3,AG-DEPARTMENT OF AGRICULTURE,85662,647,157,59,86525,2016.25
2016,3,AR-DEPARTMENT OF THE ARMY,238544,1301,9827,NA,249674,2016.25
2016,3,CM-DEPARTMENT OF COMMERCE,44916,117,217,58,45308,2016.25
2016,3,DD-DEPARTMENT OF DEFENSE,98575,1253,11062,NA,110893,2016.25
2016,3,DJ-DEPARTMENT OF JUSTICE,115038,305,76,NA,115424,2016.25
2016,3,DL-DEPARTMENT OF LABOR,15680,36,NA,NA,15720,2016.25
2016,3,DN-DEPARTMENT OF ENERGY,15021,NA,19,NA,15040,2016.25
2016,3,ED-DEPARTMENT OF EDUCATION,4240,NA,NA,NA,4244,2016.25
2016,3,HE-DEPARTMENT OF HEALTH AND HUMAN SERVICES,85507,206,258,NA,85974,2016.25
2016,3,HS-DEPARTMENT OF HOMELAND SECURITY,188134,596,21,93,188844,2016.25
2016,3,HU-DEPARTMENT OF HOUSING AND URBAN DEVELOPMENT,8012,51,NA,NA,8063,2016.25
2016,3,IN-DEPARTMENT OF THE INTERIOR,62562,324,NA,NA,62893,2016.25
2016,3,NV-DEPARTMENT OF THE NAVY,198003,1220,3788,NA,203011,2016.25
2016,3,ST-DEPARTMENT OF STATE,12831,12,44,NA,12890,2016.25
2016,3,TD-DEPARTMENT OF TRANSPORTATION,54234,291,23,149,54697,2016.25
2016,3,TR-DEPARTMENT OF THE TREASURY,99589,580,25,231,100425,2016.25
2016,3,VA-DEPARTMENT OF VETERANS AFFAIRS,363722,4344,14,29,368109,2016.25
2016,3,Cabinet Level Agencies,1854377,11683,28387,871,1895318,2016.25
2016,6,AF-DEPARTMENT OF THE AIR FORCE,166426,378,2955,232,169991,2016.5
2016,6,AG-DEPARTMENT OF AGRICULTURE,97496,647,157,64,98364,2016.5
2016,6,AR-DEPARTMENT OF THE ARMY,240371,1288,10088,NA,251749,2016.5
2016,6,CM-DEPARTMENT OF COMMERCE,45619,115,215,63,46012,2016.5
2016,6,DD-DEPARTMENT OF DEFENSE,99451,1252,5527,NA,106233,2016.5
2016,6,DJ-DEPARTMENT OF JUSTICE,116139,307,78,NA,116530,2016.5
2016,6,DL-DEPARTMENT OF LABOR,15708,37,NA,NA,15749,2016.5
2016,6,DN-DEPARTMENT OF ENERGY,15150,NA,19,NA,15169,2016.5
2016,6,ED-DEPARTMENT OF EDUCATION,4349,NA,NA,NA,4353,2016.5
2016,6,HE-DEPARTMENT OF HEALTH AND HUMAN SERVICES,85886,199,268,NA,86356,2016.5
2016,6,HS-DEPARTMENT OF HOMELAND SECURITY,189676,587,19,93,190375,2016.5
2016,6,HU-DEPARTMENT OF HOUSING AND URBAN DEVELOPMENT,7948,52,NA,NA,8000,2016.5
2016,6,IN-DEPARTMENT OF THE INTERIOR,72115,329,NA,NA,72448,2016.5
2016,6,NV-DEPARTMENT OF THE NAVY,200343,1216,3873,NA,205432,2016.5
2016,6,ST-DEPARTMENT OF STATE,12900,12,43,NA,12958,2016.5
2016,6,TD-DEPARTMENT OF TRANSPORTATION,54428,296,22,151,54897,2016.5
2016,6,TR-DEPARTMENT OF THE TREASURY,97354,551,23,229,98157,2016.5
2016,6,VA-DEPARTMENT OF VETERANS AFFAIRS,363917,4362,13,25,368317,2016.5
2016,6,Cabinet Level Agencies,1885276,11632,23307,875,1921090,2016.5
2016,9,AF-DEPARTMENT OF THE AIR FORCE,165932,365,2770,230,169297,2016.75
2016,9,AG-DEPARTMENT OF AGRICULTURE,95709,650,165,67,96591,2016.75
2016,9,AR-DEPARTMENT OF THE ARMY,239274,1277,9989,NA,250542,2016.75
2016,9,CM-DEPARTMENT OF COMMERCE,45633,124,224,65,46046,2016.75
2016,9,DD-DEPARTMENT OF DEFENSE,99457,1205,10672,NA,111337,2016.75
2016,9,DJ-DEPARTMENT OF JUSTICE,116739,304,78,NA,117127,2016.75
2016,9,DL-DEPARTMENT OF LABOR,15724,37,NA,NA,15766,2016.75
2016,9,DN-DEPARTMENT OF ENERGY,15135,NA,18,NA,15153,2016.75
2016,9,ED-DEPARTMENT OF EDUCATION,4357,NA,NA,NA,4362,2016.75
2016,9,HE-DEPARTMENT OF HEALTH AND HUMAN SERVICES,86066,199,281,NA,86552,2016.75
2016,9,HS-DEPARTMENT OF HOMELAND SECURITY,190931,598,17,98,191644,2016.75
2016,9,HU-DEPARTMENT OF HOUSING AND URBAN DEVELOPMENT,8009,52,NA,NA,8061,2016.75
2016,9,IN-DEPARTMENT OF THE INTERIOR,70723,330,NA,NA,71057,2016.75
2016,9,NV-DEPARTMENT OF THE NAVY,201592,1203,3884,NA,206679,2016.75
2016,9,ST-DEPARTMENT OF STATE,13065,12,46,NA,13126,2016.75
2016,9,TD-DEPARTMENT OF TRANSPORTATION,54703,295,23,151,55172,2016.75
2016,9,TR-DEPARTMENT OF THE TREASURY,91337,527,21,224,92109,2016.75
2016,9,VA-DEPARTMENT OF VETERANS AFFAIRS,368726,4382,12,29,373149,2016.75
2016,9,Cabinet Level Agencies,1883112,11564,28209,885,1923770,2016.75
2016,12,AF-DEPARTMENT OF THE AIR FORCE,167021,378,2781,232,170412,2017
2016,12,AG-DEPARTMENT OF AGRICULTURE,86571,667,164,58,87460,2017
2016,12,AR-DEPARTMENT OF THE ARMY,239607,1269,10157,NA,251035,2017
2016,12,CM-DEPARTMENT OF COMMERCE,46217,125,219,69,46630,2017
2016,12,DD-DEPARTMENT OF DEFENSE,99958,1256,10723,NA,111940,2017
2016,12,DJ-DEPARTMENT OF JUSTICE,117478,308,73,NA,117867,2017
2016,12,DL-DEPARTMENT OF LABOR,15797,37,NA,NA,15837,2017
2016,12,DN-DEPARTMENT OF ENERGY,15199,NA,18,NA,15217,2017
2016,12,ED-DEPARTMENT OF EDUCATION,4406,NA,NA,NA,4411,2017
2016,12,HE-DEPARTMENT OF HEALTH AND HUMAN SERVICES,86520,208,286,NA,87020,2017
2016,12,HS-DEPARTMENT OF HOMELAND SECURITY,193973,710,15,104,194802,2017
2016,12,HU-DEPARTMENT OF HOUSING AND URBAN DEVELOPMENT,8054,50,NA,NA,8104,2017
2016,12,IN-DEPARTMENT OF THE INTERIOR,63715,335,NA,NA,64054,2017
2016,12,NV-DEPARTMENT OF THE NAVY,202151,1210,3885,NA,207246,2017
2016,12,ST-DEPARTMENT OF STATE,13075,12,48,NA,13138,2017
2016,12,TD-DEPARTMENT OF TRANSPORTATION,55032,302,23,151,55508,2017
2016,12,TR-DEPARTMENT OF THE TREASURY,93587,625,22,225,94459,2017
2016,12,VA-DEPARTMENT OF VETERANS AFFAIRS,371641,4417,12,27,376097,2017
2016,12,Cabinet Level Agencies,1880002,11913,28433,889,1921237,2017
2017,3,AF-DEPARTMENT OF THE AIR FORCE,166056,382,2761,237,169436,2017.25
2017,3,AG-DEPARTMENT OF AGRICULTURE,85939,667,162,61,86829,2017.25
2017,3,AR-DEPARTMENT OF THE ARMY,236330,1269,10057,NA,247658,2017.25
2017,3,CM-DEPARTMENT OF COMMERCE,46566,129,218,75,46988,2017.25
2017,3,DD-DEPARTMENT OF DEFENSE,98577,1221,10573,NA,110374,2017.25
2017,3,DJ-DEPARTMENT OF JUSTICE,116902,304,73,NA,117287,2017.25
2017,3,DL-DEPARTMENT OF LABOR,15577,38,NA,NA,15617,2017.25
2017,3,DN-DEPARTMENT OF ENERGY,14979,NA,19,NA,14998,2017.25
2017,3,ED-DEPARTMENT OF EDUCATION,4210,NA,NA,NA,4215,2017.25
2017,3,HE-DEPARTMENT OF HEALTH AND HUMAN SERVICES,85780,204,289,NA,86279,2017.25
2017,3,HS-DEPARTMENT OF HOMELAND SECURITY,194032,717,16,99,194864,2017.25
2017,3,HU-DEPARTMENT OF HOUSING AND URBAN DEVELOPMENT,7948,44,NA,NA,7992,2017.25
2017,3,IN-DEPARTMENT OF THE INTERIOR,63860,327,NA,NA,64191,2017.25
2017,3,NV-DEPARTMENT OF THE NAVY,199827,1199,3894,NA,204920,2017.25
2017,3,ST-DEPARTMENT OF STATE,12769,12,49,NA,12833,2017.25
2017,3,TD-DEPARTMENT OF TRANSPORTATION,54743,297,24,153,55217,2017.25
2017,3,TR-DEPARTMENT OF THE TREASURY,98430,680,21,221,99352,2017.25
2017,3,VA-DEPARTMENT OF VETERANS AFFAIRS,373408,4360,12,25,377805,2017.25
2017,3,Cabinet Level Agencies,1875933,11854,28174,894,1916855,2017.25
2017,6,AF-DEPARTMENT OF THE AIR FORCE,165948,387,2664,236,169235,2017.5
2017,6,AG-DEPARTMENT OF AGRICULTURE,96790,649,168,78,97685,2017.5
2017,6,AR-DEPARTMENT OF THE ARMY,237617,1291,10098,NA,249008,2017.5
2017,6,CM-DEPARTMENT OF COMMERCE,47286,126,215,87,47714,2017.5
2017,6,DD-DEPARTMENT OF DEFENSE,98410,1214,5072,NA,104699,2017.5
2017,6,DJ-DEPARTMENT OF JUSTICE,116667,302,74,NA,117051,2017.5
2017,6,DL-DEPARTMENT OF LABOR,15306,37,NA,NA,15345,2017.5
2017,6,DN-DEPARTMENT OF ENERGY,14934,NA,20,NA,14954,2017.5
2017,6,ED-DEPARTMENT OF EDUCATION,4143,NA,NA,NA,4148,2017.5
2017,6,HE-DEPARTMENT OF HEALTH AND HUMAN SERVICES,85504,204,278,NA,85989,2017.5
2017,6,HS-DEPARTMENT OF HOMELAND SECURITY,194820,718,15,97,195650,2017.5
2017,6,HU-DEPARTMENT OF HOUSING AND URBAN DEVELOPMENT,7854,44,NA,NA,7898,2017.5
2017,6,IN-DEPARTMENT OF THE INTERIOR,71730,326,NA,NA,72060,2017.5
2017,6,NV-DEPARTMENT OF THE NAVY,200755,1199,3861,NA,205815,2017.5
2017,6,ST-DEPARTMENT OF STATE,12571,12,45,NA,12631,2017.5
2017,6,TD-DEPARTMENT OF TRANSPORTATION,54696,299,23,152,55170,2017.5
2017,6,TR-DEPARTMENT OF THE TREASURY,96153,664,18,218,97053,2017.5
2017,6,VA-DEPARTMENT OF VETERANS AFFAIRS,373997,4330,13,24,378364,2017.5
2017,6,Cabinet Level Agencies,1895181,11806,22570,912,1930469,2017.5
2017,9,AF-DEPARTMENT OF THE AIR FORCE,164399,391,2532,237,167559,2017.75
2017,9,AG-DEPARTMENT OF AGRICULTURE,92513,638,173,77,93401,2017.75
2017,9,AR-DEPARTMENT OF THE ARMY,236732,1313,9838,NA,247884,2017.75
2017,9,CM-DEPARTMENT OF COMMERCE,47268,129,218,89,47704,2017.75
2017,9,DD-DEPARTMENT OF DEFENSE,98169,1189,10225,NA,109586,2017.75
2017,9,DJ-DEPARTMENT OF JUSTICE,115595,297,75,NA,115976,2017.75
2017,9,DL-DEPARTMENT OF LABOR,14977,36,NA,NA,15016,2017.75
2017,9,DN-DEPARTMENT OF ENERGY,14741,NA,21,NA,14762,2017.75
2017,9,ED-DEPARTMENT OF EDUCATION,4055,NA,NA,NA,4059,2017.75
2017,9,HE-DEPARTMENT OF HEALTH AND HUMAN SERVICES,84334,201,283,NA,84822,2017.75
2017,9,HS-DEPARTMENT OF HOMELAND SECURITY,197504,781,17,97,198399,2017.75
2017,9,HU-DEPARTMENT OF HOUSING AND URBAN DEVELOPMENT,7784,43,NA,NA,7827,2017.75
2017,9,IN-DEPARTMENT OF THE INTERIOR,67949,320,NA,NA,68275,2017.75
2017,9,NV-DEPARTMENT OF THE NAVY,201009,1213,3849,NA,206071,2017.75
2017,9,ST-DEPARTMENT OF STATE,12240,12,45,NA,12301,2017.75
2017,9,TD-DEPARTMENT OF TRANSPORTATION,54280,299,22,147,54748,2017.75
2017,9,TR-DEPARTMENT OF THE TREASURY,86813,635,18,210,87676,2017.75
2017,9,VA-DEPARTMENT OF VETERANS AFFAIRS,377109,4306,13,29,381457,2017.75
2017,9,Cabinet Level Agencies,1877471,11807,27336,909,1917523,2017.75
2017,12,AF-DEPARTMENT OF THE AIR FORCE,165771,400,2548,233,168952,2018
2017,12,AG-DEPARTMENT OF AGRICULTURE,83515,635,171,71,84392,2018
2017,12,AR-DEPARTMENT OF THE ARMY,236992,1283,9859,NA,248134,2018
2017,12,CM-DEPARTMENT OF COMMERCE,46906,129,219,86,47340,2018
2017,12,DD-DEPARTMENT OF DEFENSE,98749,1183,10216,NA,110151,2018
2017,12,DJ-DEPARTMENT OF JUSTICE,115030,290,78,NA,115407,2018
2017,12,DL-DEPARTMENT OF LABOR,14795,35,NA,NA,14833,2018
2017,12,DN-DEPARTMENT OF ENERGY,14656,NA,21,NA,14677,2018
2017,12,ED-DEPARTMENT OF EDUCATION,4019,NA,NA,NA,4023,2018
2017,12,HE-DEPARTMENT OF HEALTH AND HUMAN SERVICES,84009,205,291,NA,84506,2018
2017,12,HS-DEPARTMENT OF HOMELAND SECURITY,200371,2074,18,96,202559,2018
2017,12,HU-DEPARTMENT OF HOUSING AND URBAN DEVELOPMENT,7756,42,NA,NA,7798,2018
2017,12,IN-DEPARTMENT OF THE INTERIOR,61917,309,NA,NA,62233,2018
2017,12,NV-DEPARTMENT OF THE NAVY,201610,1220,3813,NA,206643,2018
2017,12,ST-DEPARTMENT OF STATE,12033,12,51,NA,12099,2018
2017,12,TD-DEPARTMENT OF TRANSPORTATION,54262,297,23,152,54734,2018
2017,12,TR-DEPARTMENT OF THE TREASURY,86362,577,20,209,87168,2018
2017,12,VA-DEPARTMENT OF VETERANS AFFAIRS,378847,4280,13,32,383172,2018
2017,12,Cabinet Level Agencies,1867600,12975,27348,898,1908821,2018
2018,3,AF-DEPARTMENT OF THE AIR FORCE,164778,410,2563,229,167980,2018.25
2018,3,AG-DEPARTMENT OF AGRICULTURE,82304,601,175,68,83148,2018.25
2018,3,AR-DEPARTMENT OF THE ARMY,236267,1302,9824,NA,247393,2018.25
2018,3,CM-DEPARTMENT OF COMMERCE,45455,128,222,76,45881,2018.25
2018,3,DD-DEPARTMENT OF DEFENSE,98373,1187,10514,NA,110076,2018.25
2018,3,DJ-DEPARTMENT OF JUSTICE,114026,286,83,NA,114406,2018.25
2018,3,DL-DEPARTMENT OF LABOR,14492,34,NA,NA,14530,2018.25
2018,3,DN-DEPARTMENT OF ENERGY,14351,NA,23,NA,14374,2018.25
2018,3,ED-DEPARTMENT OF EDUCATION,3836,NA,NA,NA,3840,2018.25
2018,3,HE-DEPARTMENT OF HEALTH AND HUMAN SERVICES,82855,195,287,NA,83338,2018.25
2018,3,HS-DEPARTMENT OF HOMELAND SECURITY,199432,2506,17,96,202051,2018.25
2018,3,HU-DEPARTMENT OF HOUSING AND URBAN DEVELOPMENT,7578,42,NA,NA,7620,2018.25
2018,3,IN-DEPARTMENT OF THE INTERIOR,61019,301,NA,NA,61328,2018.25
2018,3,NV-DEPARTMENT OF THE NAVY,200825,1219,3887,NA,205931,2018.25
2018,3,ST-DEPARTMENT OF STATE,11850,12,55,NA,11919,2018.25
2018,3,TD-DEPARTMENT OF TRANSPORTATION,53604,299,23,153,54079,2018.25
2018,3,TR-DEPARTMENT OF THE TREASURY,94677,647,21,220,95565,2018.25
2018,3,VA-DEPARTMENT OF VETERANS AFFAIRS,378319,4228,14,41,382602,2018.25
2018,3,Cabinet Level Agencies,1864041,13401,27716,903,1906061,2018.25